museum_id,museum_name,house_number,street,neighbourhood_id,district_id,postal_code,website,normalized_phone,museum_type,operator,building,wikipedia,opening_hours,wheelchair,toilets_wheelchair_accessible,fee,latitude,longitude
73696610,gedenkstätte deutscher widerstand,13-14,stauffenberg straße,0104,11001001,10785,https://www.gdw-berlin.de/,,,,,de:gedenkstätte deutscher widerstand,mo-fr 09:00-18:00; sa-su 10:00-18:00,limited,,False,52.5076051,13.3629858
84644782,"dokumentationszentrum flucht, vertreibung, versöhnung",90,stresemann straße,0202,11002002,10963,https://www.flucht-vertreibung-versoehnung.de/,,,,,"de:stiftung flucht, vertreibung, versöhnung",tu-su 10:00-19:00; mo off,yes,yes,False,52.5048708,13.3822143
259855486,berliner s-bahn-museum,3,koppen straße,0201,11002002,10243,https://s-bahn-museum.de/,,railway,berliner s-bahn-museum ggmbh,,,"we 12:00-16:00, th,fr 15:00-20:00, su 14:00-18:00",yes,,True,52.5104752,13.4327651
268591806,das museum der domäne dahlem,,königin luise straße,0605,11006006,14195,https://www.domaene-dahlem.de/home/,,open_air,,,,mo-su 10:00-18:00; th off,limited,,True,52.4583565,13.2889441
281391655,stasimuseum,103,rusche straße,1103,11011011,10365,https://www.stasimuseum.de/,+49 30 5536854,history,astak e.v.,,de:forschungs- und gedenkstätte normannenstraße,mo-fr 10:00-18:00; sa-su 11:00-18:00,yes,,True,52.5145073,13.487485
292700476,feuerwehrmuseum berlin,5,veit straße,1202,11012012,13507,https://www.feuerwehrmuseum-berlin.de/,,history,,,de:feuerwehrmuseum berlin,"tu,th 09:00-16:00, we 09:00-19:00, fr,sa 10:00-13:00; mo,su,ph off; dec 24-jan 01,easter - 2 days-easter + 1 day,easter + 48 days-easter + 50 days off",no,,True,52.5863068,13.2863134
292738889,museum für kommunikation,16,leipziger straße,0101,11001001,10117,https://www.mfk-berlin.de/,,,,,de:museum für kommunikation berlin,tu 09:00-20:00; we-fr 09:00-17:00; sa-su 10:00-18:00; ph 10:00-18:00,yes,yes,False,52.5099308,13.3872552
297049901,heimatmuseum köpenick,,alter markt,0910,11009009,12555,,,,,,,"tu,we 10:00-16:00; th 10:00-18:00; su 14:00-18:00",no,,False,52.4453638,13.5790965
335860469,ethnologisches museum,,im winkel,0605,11006006,14195,,,,,,,,limited,yes,,52.4606001,13.2929563
340388625,deutschlandmuseum,7,leipziger platz,0101,11001001,10117,https://www.deutschlandmuseum.de/,+49 30 200090300,history,betreibergesellschaft deutschland museum dm gmbh,,de:deutschlandmuseum,mo-su 10:00-20:00,yes,no,True,52.5087884,13.378434
344381412,enthüllt. berlin und seine denkmäler,64,am juliusturm,0502,11005005,13599,https://www.zitadelle-berlin.de/museen/enthullt/,,museum,kulturamt spandau,,,we-fr 10:00-17:00; th 13:00-20:00,,,True,52.5412184,13.2138542
355500002,erinnerungsstätte notaufnahmelager marienfelde,66/80,marienfelder allee,0705,11007007,12277,https://www.notaufnahmelager-berlin.de/,,,,,de:notaufnahmelager marienfelde,,yes,,False,52.4204028,13.3684502
369037135,anti-kriegs-museum,21,brüsseler straße,0105,11001001,13353,https://anti-kriegs-museum.de/,,,anti-kriegs-museum e.v.,,de:anti-kriegs-museum,"mo-su,ph 16:00-20:00",limited,,False,52.5460206,13.3479549
429739550,mori-ôgai-gedenkstätte,39,luisen straße,0101,11001001,10117,https://www.iaaw.hu-berlin.de/de/region/ostasien/seminar/mori,,,,,de:mori-ōgai-gedenkstätte,,,,False,52.5219182,13.3799981
448810258,puppentheater-museum berlin,135,karl marx straße,0801,11008008,12043,https://www.puppentheater-museum.de/,,,,,,tu-fr 09:00-18:00; sa 14:00-18:00; su 11:00-16:00,,,True,52.4772885,13.4390108
453378190,die mauer | the wall,11,leipziger platz,0101,11001001,10117,https://diemauerthewall.de/,,,berlin wall exhibition ug,,,"mo-su,ph 10:00-18:00",yes,,True,52.5093664,13.3797713
498822384,berliner unterwelten-museum,105,brunnen straße,0106,11001001,13355,https://berliner-unterwelten.de/,+49 30 49910517,history,berliner unterwelten e.v.,,,,no,,True,52.5478117,13.3892456
507083358,heimatmuseum zehlendorf,355,clay allee,0604,11006006,14169,https://www.heimatmuseum-zehlendorf.de/,,local,,,,"mo,th 10:00-18:00; tu,fr 10:00-14:00",no,,False,52.4354496,13.2603049
538692583,museum für naturkunde,43,invaliden straße,0101,11001001,10115,https://www.museumfuernaturkunde.berlin/,+49 30 20938591,nature,leibniz-institut für evolutions- und biodiversitätsforschung,,de:museum für naturkunde (berlin),"tu-fr 09:30-18:00; sa,su 10:00-18:00",yes,yes,True,52.5304903,13.3791152
540613216,galgenhaus stadtmuseum berlin,10,brüder straße,0101,11001001,10178,,,,,,,,yes,,,52.5143734,13.4024859
545060231,hugenottenmuseum berlin,5,anton wilhelm amo straße,0101,11001001,10117,https://www.hugenottenmuseum-berlin.de/,+49 30 2291760,,,,,tu-sa 11:30-16:30; su 11:30-16:30,yes,,True,52.514289,13.3924292
545074057,parlamentshistorische ausstellung des deutschen bundestages,1,anton wilhelm amo straße,0101,11001001,10117,https://www.bundestag.de/deutscherdom,,,,,,may-sep: 10:00-19:00; oct-apr 10:00-18:00,yes,,False,52.5126755,13.3927272
559613172,heimatmuseum treptow,,stern damm,0904,11009009,12487,,,,,,,"mo,tu 10:00-16:00, th 10:00-18:00, sa,su 14:00-18:00",yes,yes,,52.4434519,13.5022281
577577509,jugend[widerstands]museum,9/10,rigaer straße,0201,11002002,10247,https://widerstandsmuseum.de/,,,,,,mo-fr 09:00-19:00; sa 12:00-16:00,limited,,False,52.5177959,13.456325
611632754,polizeimuseum,6,platz der luftbrücke,0703,11007007,12101,,,,,,,,no,,,52.4829728,13.3871677
632148988,fhxb friedrichshain-kreuzberg museum,95a,adalbert straße,0202,11002002,10999,https://www.fhxb-museum.de/,+49 30 50585233,,bezirksamt friedrichshain-kreuzberg,,de:fhxb friedrichshain-kreuzberg museum,tu-fr 12:00-18:00; sa-su 10:00-18:00,limited,,False,52.5006018,13.4182215
661126964,keramik-museum berlin,,schustehrus straße,0401,11004004,10585,http://www.keramik-museum-berlin.de,,,,,,fr-mo 13:00-17:00,limited,,True,52.5171949,13.304034
701057032,heimatmuseum rudow,,alt rudow,0804,11008008,12355,,,,,,,"we,sa,su 10:00-16:00",,,,52.417445,13.495073
766728477,geschichtsspeicher fichtebunker,6,fichte straße,0202,11002002,10967,https://www.berliner-unterwelten.de/fuehrungen/oeffentliche-fuehrungen/geschichtsspeicher-fichtebunker.html,,history,berliner unterwelten e.v.,,,"""kann nur während führungen besichtigt werden. termine unter tickets.berliner-unterwelten.de""",no,,True,52.4903373,13.4129011
766875174,anna-seghers-gedenkstätte,81,anna seghers straße,0907,11009009,12489,https://anna-seghers.de/anna-seghers/anna-seghers-museum/,,,,,,"tu,th 10:00-16:00",no,,,52.4381707,13.5407192
849063657,wasserwerkstatt des wassermuseum e.v.,57 (Tor 2),dillenburger straße,0402,11004004,14199,http://www.wassermuseum-berlin.de,,,,,,,,,,52.4704996,13.3037544
1257857022,museum lichtenberg im stadthaus,24,türrschmidt straße,1112,11011011,10317,http://www.museum-lichtenberg.de,+49 30 5779738811,,,,,tu-su 11:00-18:00,no,,False,52.5029909,13.4808551
1260572076,die pankower machthaber,,ossietzky straße,0311,11003003,13187,https://www.pankower-machthaber.de/,,,,,,mo-su 10:00-18:00; ph off,yes,,False,52.5763987,13.4063769
1270188822,computerspielemuseum,93a,karl marx allee,0201,11002002,10243,https://www.computerspielemuseum.de/,+49 30 60988577,computer,gameshouse ggmbh,,de:computerspielemuseum berlin,mo-su 10:00-20:00,limited,yes,True,52.517579,13.4419522
1358325721,berliner u-bahn-museum,,rossitter platz,0405,11004004,14052,https://www.ag-berliner-u-bahn.de/index.php/museum,+49 30 25627171,railway,arbeitsgemeinschaft berliner u-bahn e.v.,,de:berliner u-bahn-museum,sa[2] 10:30-16:00,no,,True,52.5173541,13.2499733
1390712121,das verborgene museum,,pestalozzi straße,0401,11004004,10625,https://www.dasverborgenemuseum.de/,,,,,,,no,,,52.5080398,13.3184593
1476011662,zille-museum,11,propst straße,0101,11001001,10178,http://zillemuseum-berlin.de/,+49 30 24632500,,,,,"ph,tu-su 11:00-18:00",yes,,True,52.5164895,13.4063144
1505273433,kunstgewerbemuseum,,schloßhof,0910,11009009,12557,,,,staatliche museen zu berlin,,,oct-mar th-su 11:00-17:00; apr-sep tu-su 11:00-18:00,yes,,True,52.4440329,13.5728521
1583408273,museum pankow,8,heyn straße,0307,11003003,13187,https://www.berlin.de/museum/3108467-2926344-museum-pankow-standort-heynstrasse-8-fru.html,,,bezirksamt pankow,,,"tu,th,sa,su 10:00-18:00; ph off",no,,False,52.5642198,13.4024579
1653339015,museum blindenwerkstatt otto weidt,39,rosenthaler straße,0101,11001001,10178,https://www.museum-blindenwerkstatt.de/,,,,,,mo-su 10:00-20:00; dec 24 off,yes,yes,False,52.5242943,13.4021873
1827559268,werkbund berlin,13B,goethe straße,0401,11004004,10623,http://www.werkbund-berlin.de,,,,,,,no,,,52.5090606,13.3184486
1867566597,forum willy brandt berlin,15,behren straße,0101,11001001,10117,https://willy-brandt.de/ausstellungen/ausstellungen/forum-berlin/,+49 30 7877070,person,bundeskanzler-willy-brandt-stiftung,,,11:00-17:00,yes,yes,False,52.5153117,13.3863294
1874529830,ausstellungen in der kleinen orangerie am schloss charlottenburg,22,spandauer damm,0401,11004004,14059,http://www.kommunalegalerie-berlin.de/,+49 30 902916704,,elke von der lieth,,,tu-fr 10:00-17:00; we 10:00-19:00; sa off; su 11:00-17:00,limited,no,,52.5199022,13.2936163
2033362563,berliner medizinhistorisches museum der charité,1,charité platz,0101,11001001,10117,https://www.bmm-charite.de/,+49 30 450536156,history,charité - universitätsmedizin berlin,,de:berliner medizinhistorisches museum,"mo off; tu,th-fr,su 10:00-17:00; we,sa 10:00-19:00",limited,yes,True,52.526136,13.3745186
2164030082,anne frank zentrum,39,rosenthaler straße,0101,11001001,10178,https://www.annefrank.de/,,,,,de:anne frank zentrum,tu-su 10:00-18:00,yes,yes,,52.5244928,13.4019195
2321948745,uhrenmuseum,59,rhein straße,0702,11007007,12159,https://juwelier-lorenz.de/ueber-lorenz/uhrenmuseum/,,,,,,,limited,,,52.4699672,13.3340538
2335146075,das gotische haus,,breite straße,0501,11005005,13597,https://www.gotischeshaus.de/,,,,,,,no,,,52.5376859,13.2067237
2360277462,"bezirksmuseum marzahn-hellersdorf, haus 2",,alt marzahn,1001,11010010,12685,https://www.kultur-marzahn-hellersdorf.de/bezirksmuseum-marzahn.11.0.html,,,,,,mo-fr 10:00-18:00,yes,,False,52.543492,13.5619103
2401869345,mauermuseum,43-45,friedrich straße,0202,11002002,10969,https://www.mauermuseum.de/,+49 30 2537250,history,,,de:mauermuseum,mo-su 10:00-18:00,no,,True,52.5071871,13.390676
2733904737,waldmuseum,4,königs weg,0404,11004004,14193,,,,,,,,,,,52.4871137,13.2512169
2807497298,lippenstiftmuseum,,helmstedter straße,0402,11004004,10717,https://www.lippenstiftmuseum.de/,+49 30 8542829,,,,,"""nach terminvereinbarung""",,,True,52.4883396,13.3340771
2807538150,ddr-museumswohnung wbs 70,179,hellersdorfer straße,1005,11010010,12627,https://stadtundland.de/unternehmen/museumswohnung,,,,,,"su 14:00-16:00; ""oder nach vereinbarung unter +49 151 16114440""",,,,52.5342987,13.5930033
2807587974,museum der unerhörten dinge,,crelle straße,0701,11007007,10827,http://www.museumderunerhoertendinge.de/,+49 30 7814932,,,,,we-fr 15:00-19:00,yes,,False,52.4869923,13.3586756
2818117012,schwules museum *,73,lützow straße,0104,11001001,10785,https://www.schwulesmuseum.de,+49 30 69599050,,,,de:schwules museum,"mo, we, fr 12:00-18:00; th 12:00-20:00; sa 14:00-19:00; su 14:00-18:00",yes,yes,True,52.5042512,13.3582193
2845403101,judo welt-museum,21,alt mariendorf,0704,11007007,12107,http://www.judo-museum.de/,,,lothar nest,,,"mo,tu,th 17:00-21:00;we,fr 16:00-23:00; sa,su, ph off",no,,,52.440493,13.3911183
2853421751,spandovia sacra – museum mit bibliothek und archiv,,reformations platz,0501,11005005,13597,,,,ev. kirchengemeinde st. nikolai,,,,,,,52.5387799,13.2056528
2959465154,c/o berlin,22-24,hardenberg straße,0401,11004004,10623,https://www.co-berlin.org,+49 30 284441662,,c/o berlin foundation,,de:c/o berlin,"mo-su,ph 11:00-20:00",yes,yes,True,52.5065947,13.3306266
2971387933,ramones museum,159,weser straße,0801,11008008,12045,https://www.ramonesmuseum.com/,,,,,en:ramones museum,,,,,52.4824813,13.4430897
3203167561,deutsches historisches museum,2,unter den linden,0101,11001001,10117,https://www.dhm.de/,+49 30 203040,history,stiftung deutsches historisches museum,,de:deutsches historisches museum,mo-su 10:00-18:00; dec 24 off,yes,yes,True,52.5177477,13.3970225
3255895792,trabi museum,14-15,zimmer straße,0202,11002002,10969,http://www.trabi-museum.com/,,,,,de:trabi museum berlin,10:00-18:00,yes,yes,True,52.507451,13.38865
3354056742,rotkreuz-museum,11,bache straße,0702,11007007,12161,http://www.rotkreuzmuseum-berlin.drk.de/,,,rotkreuz-museum berlin e.v.,,de:rotkreuz-museum berlin,we 16:00-19:00,yes,,,52.4743009,13.3268744
3513338376,berliner stadtmodelle,,am köllnischen park,0101,11001001,10179,https://www.stadtentwicklung.berlin.de/planen/stadtmodelle/de/ausstellung.shtml,,,,,,mo-sa 10:00-18:00,yes,yes,False,52.5132378,13.4159972
3676215899,menschen museum,1A,panorama straße,0101,11001001,10178,https://koerperwelten.de/ausstellung/berlin/,+49 30 847125526,,institute for plastination e.k,,,10:00-19:00,yes,yes,True,52.5205791,13.4089041
3749451170,deutsches spionagemuseum,9,leipziger platz,0101,11001001,10117,https://www.deutsches-spionagemuseum.de/,+49 30 398200451,history,,,de:deutsches spionagemuseum,10:00-20:00,yes,yes,True,52.5090125,13.3792937
3755207008,museum europäischer kulturen,,arnim allee,0605,11006006,14195,https://www.smb.museum/museen-und-einrichtungen/museum-europaeischer-kulturen/home.html,,,,,de:museum europäischer kulturen,tu-fr 09:00-17:00; sa-su 11:00-18:00,limited,yes,True,52.45556,13.292635
3917330120,steglitz museum,64a,drake straße,0602,11006006,12205,http://www.heimatverein-steglitz.de/,,local,heimatverein steglitz e. v.,,,tu-fr 15:00-18:00; su 15:00-18:00,,,,52.4372564,13.3026687
3977880885,gutshof gatow,43,buchwald ziele,0505,11005005,14089,http://www.gutshof-gatow.de/,,,,,,,yes,yes,,52.4849396,13.1817243
4197069045,sporttauchermuseum,,müggelberg allee,0910,11009009,12557,https://www.tauchsportklub-adlershof.de/index.php/sporttauchermuseum,,,,,,th 17:00-20:00,,,,52.4192977,13.5877844
4210852779,wassersportmuseum,,regatta straße,0913,11009009,12527,,,,,,,we 10:00-16:00,,,False,52.4119793,13.5874462
4261575774,museum der stille,154A,linien straße,0101,11001001,10115,,,,,,de:museum der stille,,,,,52.5275656,13.3936942
4269824816,museum historischer ort krumpuhler weg,,sendener weg,1202,11012012,13507,,,,,,,,,,,52.5736393,13.2727004
4366611765,flakturmruine volkspark humboldthain,,kolonnade,0106,11001001,13357,https://www.berliner-unterwelten.de/fuehrungen/oeffentliche-fuehrungen/vom-flakturm-zum-truemmerberg.html,,,berliner unterwelten e.v.,,,"may-oct ""nach vereinbarung. reservierung erforderlich.""",no,,True,52.5474588,13.3850341
4388867424,madame tussauds,74,unter den linden,0101,11001001,10117,https://www.madametussauds.com/berlin/de/,+49 30 40004610,wax,merlin entertainments group,,,10:00-19:00,yes,yes,True,52.5168416,13.3816742
4405990770,lapidarium köllnischer park,,runge straße,0101,11001001,10179,,,open_air,,,,,yes,,,52.5130544,13.4143323
4491488301,helmut newton foundation,,jebens straße,0401,11004004,10623,http://www.helmut-newton.de/,,,,,,"tu,we,fr,sa,su 11:00-19:00; th 11:00-20:00; mo off",yes,,True,52.5080191,13.3320045
4511961891,magicum,,große hamburger straße,0101,11001001,10115,https://www.magicum-berlin.de/,,,,,,"ph,mo-su 11:00-18:00; sa 11:00-19:00; dec 24-25 off; dec 31 11:00-17:00; jan 01 12:00-18:00",no,,True,52.5247205,13.3990907
4708547016,urban nation,7,bülow straße,0701,11007007,10783,https://urban-nation.com/,,,,,,"tu,we 10:00-18:00; mo off; th-su 12:00-20:00",yes,yes,False,52.4986678,13.3566505
4725890783,samurai museum berlin,68,august straße,0101,11001001,10117,https://samuraimuseum.de/,+49 30 62975635,history,samurai museum berlin gmbh,,,mo-su 10:00-19:00,yes,,True,52.5268086,13.3953314
4833616123,braun-sammlung ettel museum für design,37,elberfelder straße,0102,11001001,10555,http://www.braundesignsammlung.de/,,,,,,su-mo 11:00-17:00,limited,,False,52.5241479,13.3363579
4838662169,hanf museum berlin,5,mühlen damm,0101,11001001,10178,https://www.hanfmuseum.de/,+49 30 2424827,,,,de:hanfmuseum,"tu-fr 10:00-20:00; sa,su 12:00-20:00; mo off",limited,yes,True,52.5163681,13.4079912
5051474599,david hasselhoff museum,,weinbergs weg,0101,11001001,10119,https://www.circus-berlin.de/de/the-unveiling-of-our-hoff-museum/,,,,,en:david hasselhoff museum,,,,False,52.530145,13.401996
5119217259,designpanoptikum,7,post straße,0101,11001001,10178,https://www.designpanoptikum.com,,,,,en:designpanoptikum,"th, sa 12:00-18:00",,,True,52.5168725,13.4060339
5186166877,polyrama,2,stuttgarter platz,0401,11004004,10627,https://www.polyrama.de/,,,,,,"mo-tu off; we,fr-su 11:00-18:00; th 11:00-20:00",,,,52.5057864,13.3058261
5306246621,kindl - zentrum für zeitgenössische kunst,3,am sudhaus,0801,11008008,12053,https://www.kindl-berlin.de/,+49 30 832159120,art,kindl - zentrum für zeitgenössische kunst gmbh,,de:sudhaus der berliner kindl-brauerei,we 12:00-20:00; th-su 12:00-18:00,yes,,True,52.4794637,13.431275
5477244581,tauthaus,,parchimer allee,0802,11008008,12359,,,,,,,,,,,52.4452795,13.4470296
5493352632,julia stoschek collection berlin,60,leipziger straße,0101,11001001,10117,https://www.jsc.art,,,,,,sa-su 12:00-18:00,,,True,52.5112602,13.39626
5498079821,künstlerhaus bethanien,,kottbusser straße,0202,11002002,10999,https://www.bethanien.de/,,,,,,tu-su 14:00-19:00,yes,,False,52.4971249,13.4188484
5504502639,kikufri,17,bundes platz,0402,11004004,10715,https://www.kikufri.de/,,,,,,,,,,52.4795502,13.3302646
5688015226,hatch sticker museum,10,schreiner straße,0201,11002002,10247,https://hatchkingdom.com/pages/uber-das-museum,,,,,,sa 12:00-14:00,limited,,False,52.5173218,13.4645632
5723205465,jagdschloss grunewald,100,hütten weg,0605,11006006,14193,,,history,,,,"nov-mar sa,su,ph 10:00-16:00; apr-oct tu-su 10:00-18:00",,,True,52.4673699,13.2615082
5875331486,illuseum berlin,9,karl liebknecht straße,0101,11001001,10178,https://www.illuseum-berlin.de,,,,,,mo-su 10:00-20:00,yes,yes,True,52.5215057,13.4069139
6119371020,culinarium,,königin luise straße,0605,11006006,14195,,,,,,,,,,True,52.4588463,13.2894689
6474864586,alice – museum für kinder,,eichgestell,0909,11009009,12459,,,,,,,,,,,52.4609975,13.5500961
6475506035,museum des kapitalismus,127,köpenicker straße,0202,11002002,10997,https://museumdeskapitalismus.de/,,,,,de:museum des kapitalismus,th 17:00-19:00; sa 14:00-18:00,yes,no,False,52.5043179,13.4348363
6522039698,tempelhof museum,43,alt mariendorf,0704,11007007,12107,https://www.museen-tempelhof-schoeneberg.de/uebersicht-tempelhof-museum.html,,,,,,"tu,we 13:00-18:00; th 10:00-18:00; fr-su 13:00-18:00",,,False,52.4395718,13.3854756
6578042743,gipsformerei,17/18,sophie charlotten straße,0401,11004004,14059,https://www.smb.museum/museen-und-einrichtungen/gipsformerei/,+49 30 32676911,,,,,mo-th 09:00-16:00; we 09:00-18:00,,,True,52.5192079,13.2862663
6834779786,little big city,1A,panorama straße,0101,11001001,10178,https://www.officiallittlebigcity.com/,,,merlin entertainments group deutschland,,,mo-su 10:00-19:00,no,,True,52.520848,13.4084747
6880841995,museum pankow,227/228,prenzlauer allee,0301,11003003,10405,https://www.berlin.de/museum-pankow/,+49 30 902953917,,,,de:museum pankow,tu-su 10:00-18:00,,,False,52.5333155,13.4202437
6880841996,machmit! museum für kinder,5/6,senefelder straße,0301,11003003,10437,https://www.machmitmuseum.de/,,children,,,de:machmit! museum für kinder,th-fr 14:00-18:00; sa-su 10:00-18:00; dec 24-26 off,yes,,True,52.5405294,13.4226724
7063453003,sammlung scharf-gerstenberg,70,schloß straße,0401,11004004,14059,https://www.smb.museum/museen-einrichtungen/sammlung-scharf-gerstenberg/home/,,,,,de:sammlung scharf-gerstenberg,"we-su 11:00-18:00; mo,tu off",,,True,52.5192239,13.2971723
7063483104,abguss-sammlung antiker plastik,69B,schloß straße,0401,11004004,14059,https://abguss-sammlung-berlin.de/,,,freie universität berlin,,,,,,False,52.5188495,13.2975972
7274621179,zimmermeister brunzel baut ein mietshaus,77,duncker straße,0301,11003003,10437,http://ausstellung-dunckerstrasse.de/,+49 30 4452321,,pankow museum;miteinander-füreinander selbsthilfebegegnungsstätten e.v.,,,"mo, tu, th-su 11:00-16:30",no,,True,52.543528,13.4214133
8413352835,humboldt forum,,schloß platz,0101,11001001,10178,https://www.humboldtforum.org/,+49 30 992118989,,stiftung humboldt forum im berliner schloss,,de:humboldt forum,"mo,we-su 10:30-18:30; tu off",yes,yes,False,52.5170316,13.4012274
8428338215,militär-historisches museum berlin-gatow,,am flugplatz gatow,0506,11005005,14089,,,history,bundeswehr,,de:militärhistorisches museum flugplatz berlin-gatow,tu-su 10:00-18:00,,,,52.4719263,13.1386768
8888473363,tränenpalast,17,reichstag ufer,0101,11001001,10117,https://www.hdg.de/traenenpalast/,+49 30 467777911,history,stiftung haus der geschichte der bundesrepublik deutschland,,,"mo off; tu-fr 09:00-18:00; sa-su,ph 10:00-18:00",yes,yes,False,52.5209131,13.3871461
8946648417,erdemuseum,52,weichsel straße,0801,11008008,12045,https://erdemuseum.de,,,,,,we-sa 14:00-18:00,no,,False,52.4865039,13.4357058
9272790617,disgusting food museum,70,schützen straße,0101,11001001,10117,https://disgustingfoodmuseum.berlin/,,,,,,fr-tu 11:00-19:00,,,True,52.5087918,13.3913957
9275262971,architekturmuseum,,straße des 17. juni,0401,11004004,10623,https://architekturmuseum.ub.tu-berlin.de/,,,,,de:architekturmuseum der technischen universität berlin,mo-th 12:00-16:00,,,False,52.5136141,13.3238223
9277014760,friedrichswerdersche kirche,1,werderscher markt,0101,11001001,10117,https://www.smb.museum/museen-einrichtungen/friedrichswerdersche-kirche/,+49 30 20905577,,,,,tu-su 10:00-18:00,limited,,False,52.5158884,13.3975159
9689247850,haus des papiers,30,seydel straße,0101,11001001,10117,https://www.hausdespapiers.com/,,,haus des papiers ggmbh,,de:haus des papiers,fr-su 10:00-17:00; mo-th off,,,False,52.510452,13.4032861
9741714717,das kleine grosz museum,18,bülow straße,0701,11007007,10783,https://www.daskleinegroszmuseum.berlin/,,,,,,"th, sa-mo 11:00-18:00; fr 11:00-20:00",,,,52.4978636,13.3597341
9806828893,the wall museum,80,mühlen straße,0201,11002002,10243,https://thewallmuseum.com,,,,,de:the wall museum berlin,,,,,52.5028154,13.4452761
9926784273,bibellabor,17,kranold straße,0801,11008008,12051,https://canstein-berlin.de/,,,,,,,,,,52.4658388,13.4339213
9979815161,käthe-kollwitz-museum berlin,,spandauer damm,0401,11004004,14059,https://www.kaethe-kollwitz.berlin/,,,,,de:käthe-kollwitz-museum berlin,"ph,mo-su 11:00-18:00",,,True,52.5205542,13.2920498
9979815162,schloss charlottenburg,10,spandauer damm,0401,11004004,14059,https://www.spsg.de/schloesser-gaerten/objekt/schloss-charlottenburg-altes-schloss/,,,stiftung preußische schlösser und gärten berlin-brandenburg,,,tu-su 10:00-17:30,yes,yes,True,52.5209193,13.2958372
10003644033,museum der trostfrauen,103,quitzow straße,0102,11001001,10551,https://trostfrauen.museum,,,,,,tu 14:00-18:00; su 14:00-18:00,,,False,52.53393,13.3405293
10029372863,kurt mühlenhaupt museum,40,fidicin straße,0202,11002002,10965,https://www.muehlenhaupt.de/,+49 30 61627505,,,,de:kurt mühlenhaupt museum,tu-su 14:00-18:00,,,,52.4876934,13.3885333
10041423479,haus kunst mitte,54,heide straße,0102,11001001,10557,https://www.hauskunstmitte.de/,,,,,,we-su 12:00-18:00; mo-tu closed,limited,,True,52.5301032,13.3683003
10142723917,bud spencer museum,10,unter den linden,0101,11001001,10117,https://www.budspencer-museum.com/,,person,,,,mo-su 10:00-19:00,,,True,52.5174509,13.3904195
10804128222,kindermuseum unterm dach,41,stein straße,0706,11007007,12307,https://www.kindermuseum-unterm-dach.berlin/,,,,,,"mo-fr 14:00-18:00; sa, su 11:00-17:00",,,False,52.3878178,13.3970516
10855520708,neugerriemschneider,155,linien straße,0101,11001001,10115,https://www.neugerriemschneider.com/,,,,,,mo-su 11:00-18:00,,,,52.5275959,13.3940895
10959576469,timeride - berlin 1985 und vr-stadtrundgänge,91,zimmer straße,0101,11001001,10117,https://www.timeride.de/berlin,,history,timeride gmbh,,,,,,True,52.5077349,13.3880411
10992121591,gedenkstätte köpenicker blutwoche,12,puchan straße,0910,11009009,12555,https://www.berlin.de/museum-treptow-koepenick/gedenkstaette/startseite-der-gedenkst-tte-k-penicker-blutwoche-943089.php,,,,,,th 10:00-18:00; su 14:00-18:00,,,,52.4549647,13.5786101
11094595135,heimatmuseum,,buckower damm,0803,11008008,12349,,,local,buckower heimatverein e.v.,,,,,,,52.4223917,13.4374274
11203063853,berlin story bunker,,schöneberger straße,0202,11002002,10963,https://www.berlinstory.de/,,,berlin story bunker gmbh,,,mo-su 10:00-19:00,,,True,52.5029022,13.3803524
11272995330,fotografiska berlin,54,oranienburger straße,0101,11001001,10117,https://www.fotografiska.com/berlin,,art,fotografiska,,,mo-su 10:00-23:00,,,True,52.5257323,13.3889157
11373437496,anoha – die kinderwelt des jüdischen museums berlin,1,fromet und moses mendelssohn platz,0202,11002002,10969,https://anoha.de/,,children,stiftung jüdisches museum berlin,,,"tu-fr 09:00-16:00; ph,sa,su 10:00-17:00; dec 24 off",,,False,52.5030126,13.392346
11629726405,haus bastian – zentrum für kulturelle bildung,10,am kupfer graben,0101,11001001,10117,https://www.smb.museum/museen-einrichtungen/haus-bastian-zentrum-fuer-kulturelle-bildung/home/,,,,,,,,,,52.519358,13.3968995
11694388740,museum schloß friedrichsfelde,,am tierpark,1101,11011011,10319,,,,,,,,,,True,52.5046731,13.5234335
11760628612,theodor-fontane-apotheke im bethanien,,mariannenplatz 2,0202,11002002,10997,,,,fhxb friedrichshain-kreuzberg museum,,,tu-we 11:00-16:00,,,,52.5042573,13.424666
11787592208,rixdorfer schmiede,28,richard platz,0801,11008008,12055,,,,,,de:schmiede am richardplatz,"mo-th 10:00-13:00,14:00-17:00",limited,,True,52.4741555,13.4461584
11812325269,deja vu museum,,roch straße,0101,11001001,10178,,,,,,,mo-su 10:00-20:00,no,,True,52.5229427,13.4077366
11813223472,stabi kulturwerk,8,unter den linden,0101,11001001,10117,https://stabi-kulturwerk.de/,,,stiftung preußischer kulturbesitz,,,"tu-su 10:00-18:00, th 10:00-20:00; ph,mo off; may 14,dec 24,dec 31 off",yes,,False,52.5179501,13.3915589
11816495166,erlebnis europa,78,unter den linden,0101,11001001,10117,https://visiting.europarl.europa.eu/de/visitor-offer/other-locations/europa-experience/berlin,,,,,,mo-su 10:00-18:00,yes,,False,52.5167746,13.380424
11900902990,computer museum htw berlin,75A,wilhelminenhof straße,0909,11009009,12459,https://computermuseum.htw-berlin.de/,,history,,,,,yes,,False,52.4573936,13.5269565
11929113057,werkbundarchiv - museum der dinge,54,leipziger straße,0101,11001001,10117,https://museumderdinge.de/,,living_history,,,de:werkbundarchiv – museum der dinge,th-mo 12:00-19:00,yes,yes,True,52.5115009,13.3997991
11964727284,paradox museum,,budapester straße,0401,11004004,10787,https://paradoxmuseumberlin.com,,,,,,mo-fr 11:00-19:00; sa 10:00-19:00; su 10:00-18:00; tu off,,,,52.5055188,13.3373083
12178377448,mythos germania,,hanne sobek platz,0106,11001001,13357,https://www.berliner-unterwelten.de/mythos-germania/dauerausstellung.html,,,berliner unterwelten e.v.,,,sa 11:00-17:00,no,,True,52.5493687,13.3874681
12207025383,berliner unterwelten e.v,143,brunnen straße,0101,11001001,10115,,,history,,,,,,,True,52.5374085,13.3963637
12357897312,lernort keibelstraße,6,bernhard weiß straße,0101,11001001,10178,https://www.keibelstrasse.de/,+49 30 28098011,history,"agentur für bildung, geschichte und politik e.v.",,de:lernort keibelstraße,"""nur im rahmen von führungen und lernwerkstätten""",,,False,52.5243656,13.4165412
12387885001,deutsches design museum,185,uhland straße,0401,11004004,10623,,,,,,,sa 11:00-16:00,,,,52.5042678,13.3258475
12672329705,ddr museum depot,,pyramidenring,1001,11010010,12681,https://www.ddr-museum.de/de/sammlung/depotbesichtigung,,,,,,tu 11:00-15:00; th 14:00-19:00; su 11:00-16:00,limited,,True,52.5340605,13.5271517
12696380244,thf tower ausstellung,45,tempelhofer damm,0703,11007007,12101,https://www.thf-berlin.de/ihr-besuch/dauerausstellungen,,history,,,,,yes,yes,True,52.4771738,13.3871949
12890518186,friedhofsmuseum,,fürstenbrunner weg,0405,11004004,14059,,,history,,,,,,,,52.5250141,13.2788764
13062130474,werkstatt exilmuseum,24,fasanen straße,0401,11004004,10719,https://stiftung-exilmuseum.berlin/de,,history,stiftung exilmuseum berlin,,de:stiftung exilmuseum berlin,closed,yes,,False,52.5016997,13.3269358
13075857990,petri berlin,,gertrauden straße,0101,11001001,10178,,,,,,,,,,True,52.5130556,13.4039446
13096438013,einblick ins geheime - ausstellung zum stasi-unterlagen-archiv,,rollstuhlrampe,1103,11011011,10365,,,,,,,,,,,52.5135193,13.4872526
13208464999,u144 untergrundmuseum,,linien straße,0101,11001001,10115,https://untergrundmuseum.de/,,,,,,"""nach vereinbarung""",,,,52.52678,13.3907621
13232959701,iqz (innovations- und qualitätszentrum) berlin,26,möckern straße,0202,11002002,10963,https://mission-ki.de/de/iqz-berlin,,,,,,tu-fr 09:00-17:30; sa-su 10:00-18:00,,,,52.4953214,13.3774931
3619,altes museum,,am lustgarten,0101,11001001,10178,https://www.smb.museum/museen-einrichtungen/altes-museum/home/,+49 30 20905544,,,museum,de:altes museum,"we-fr 10:00-17:00; sa-su 10:00-18:00; tu closed ""dienstags für angemeldete schulklassen mit führung geöffnet.""",yes,yes,True,52.519455449999995,13.398787286532126
28134,kunstgewerbemuseum,,potsdamer straße,0104,11001001,10785,https://www.smb.museum/museen-einrichtungen/kunstgewerbemuseum/home/,,,,civic,,mo-tu off; we-fr 10:00-17:00; sa-su 11:00-18:00,yes,,True,52.50970265,13.36698046856539
1652105,märkisches museum,5,am köllnischen park,0101,11001001,10179,http://www.stadtmuseum.de/maerkisches-museum,+49 30 24002162,,,civic,de:märkisches museum (berlin),tu-su 10:00-18:00; we 12:00-20:00,,,True,52.513530599999996,13.41460558045943
2309788,archenhold-sternwarte,1,alt treptow,0901,11009009,12435,https://www.planetarium.berlin/archenhold-sternwarte,,,,yes,de:archenhold-sternwarte,"we-su 14:00-16:30 ""museum"" || th 20:00+; sa-su 15:00+ ""guided tour""",yes,,False,52.4858552,13.476328766198922
2309795,freigelände der archenhold-sternwarte,,alt treptow,0901,11009009,12435,https://www.planetarium.berlin/archenhold-sternwarte,,,,,,,,,,52.4863009,13.475615079950815
3626233,gemäldegalerie am kulturforum,,potsdamer straße,0104,11001001,10785,https://www.smb.museum/museen-einrichtungen/gemaeldegalerie/home/,,art,,civic,de:gemäldegalerie (berlin),mo off; tu-su 10:00-18:00,yes,yes,True,52.50851325,13.36474921508226
4211594,bode-museum,1-3,am kupfer graben,0101,11001001,10117,https://www.smb.museum/museen-und-einrichtungen/bode-museum/home.html,+49 30 20905577,,,civic,de:bode-museum,"tu,we 10:00-18:00; th 10:00-20:00; fr-su 10:00-18:00",yes,,True,52.5216541,13.394999067769014
7868401,brücke-museum,9,bussard steig,0605,11006006,14195,https://www.bruecke-museum.de/,,art,,museum,de:brücke-museum berlin,11:00-17:00; tu off,limited,no,,52.4669327,13.274753893246444
11516702,gropius-bau,7,niederkirchner straße,0202,11002002,10963,https://www.gropiusbau.de,,art,berliner festspiele,civic,de:martin-gropius-bau,"sa-su 10:00-19:00; mo, we-fr 12:00-19:00",yes,yes,True,52.50662085,13.381947180914345
10672271,museum der staatlichen münze berlin,97,ollenhauer straße,1201,11012012,13403,https://www.muenze-berlin.de/,,,,museum,en:staatliche münze berlin,,,,,52.57275464999999,13.330322209143965
14437262,ausstellung totgeschwiegen,,rathaus promenade,1209,11012012,13437,https://www.totgeschwiegen.org,,history,vivantes gmbh + totgeschwiegen e.v.,yes,,,,,,52.5830237,13.330318787148936
18578139,neues museum,1,bode straße,0101,11001001,10178,https://www.smb.museum/museen-einrichtungen/neues-museum/,+49 30 266424242,archaeological,,museum,de:neues museum (berlin),"tu-we, fr-su 10:00-18:00; th 10:00-20:00",yes,yes,True,52.5201701,13.397717368003036
22990151,musikinstrumenten-museum,1,tiergarten straße,0104,11001001,10785,https://www.simpk.de/museum/besuch.html,,,,civic,de:musikinstrumenten-museum berlin,"tu,we,fr 09:00-17:00; th 09:00-22:00; sa,su 10:00-17:00",yes,yes,True,52.51047815,13.37082067324739
22990276,kupferstichkabinett,,matthäikirch platz,0104,11001001,10785,https://www.smb.museum/museen-einrichtungen/kupferstichkabinett/home/,,art,,civic,de:kupferstichkabinett berlin,"mo-tu off; we-fr 10:00-17:00; sa-su,ph 11:00-18:00; jan 01 12:00-18:00; dec 24,dec 31 off",yes,,True,52.508398400000004,13.366612559521055
23813200,nikolaikirche,,nikolaikirch platz,0101,11001001,10178,http://www.stadtmuseum.de/nikolaikirche,+49 30 24002162,,stiftung stadt museum berlin,church,de:nikolaikirche (berlin),mo-su 10:00-18:00,limited,no,True,52.5168271,13.407512272022473
24315051,schloss schönhausen,1,tschaikowski straße,0311,11003003,13156,https://www.spsg.de/schloesser-gaerten/objekt/schloss-schoenhausen?sword_list%5b0%5d=sch%c3%b6nhausen&no_cache=1,,,,yes,de:schloss schönhausen,"apr-oct: tu-su,ph 10:00-17:30; nov-mar: sa,su,ph 10:00-16:00",yes,,True,52.5783469,13.405694243587785
24368681,topographie des terrors,8,niederkirchner straße,0202,11002002,10963,https://www.topographie.de/topographie-des-terrors/,+49 30 2545090,history,stiftung topographie des terrors,,de:topographie des terrors,mo-su 10:00-20:00,yes,yes,False,52.5062137,13.384154817866484
25652321,neue nationalgalerie,50,potsdamer straße,0104,11001001,10785,https://www.smb.museum/museen-einrichtungen/neue-nationalgalerie/,+49 30 266424242,art,,,de:neue nationalgalerie,"tu,we,fr-su 10:00-18:00; th 10:00-20:00",yes,,True,52.507040849999996,13.367621205627879
25775881,stadtgeschichtliches museum spandau,,wladimir gall weg,0502,11005005,13599,,,,,public,,,yes,,True,52.54063445,13.213535926348921
26144213,gründerzeitmuseum im gutshaus mahlsdorf,333,hultschiner damm,1004,11010010,12623,http://www.gruenderzeitmuseum-mahlsdorf.de/,+49 30 5678329,,,yes,de:gründerzeitmuseum im gutshaus mahlsdorf,"we,su 10:00-18:00",no,,True,52.5024922,13.613929299999999
26247891,museum für fotografie,2,jebens straße,0401,11004004,10623,https://www.smb.museum/museen-einrichtungen/museum-fuer-fotografie/home/,,,staatliche museen berlin,civic,de:museum für fotografie (berlin),"tu-we,fr-su 11:00-19:00; th 11:00-20:00",limited,,True,52.508156650000004,13.332092073451332
26382664,knoblauchhaus,,post straße,0101,11001001,10178,https://www.stadtmuseum.de/knoblauchhaus,,,stiftung stadtmuseum berlin,apartments,de:knoblauchhaus,th-su 10:00-18:00,no,,False,52.51645845,13.40699246964233
26836899,liebermann-villa,3,colomier straße,0607,11006006,14109,http://www.liebermann-villa.de/,+49 30 80585900,art,,civic,de:liebermann-villa,oct-mar we-mo 11:00-17:00; apr-sep we-mo 10:00-18:00; dec 24 off; dec 31 off,limited,,True,52.42877145,13.16488805
27120308,museum neukölln,81,alt britz,0802,11008008,12359,https://schloss-gutshof-britz.de/museum-neukoelln,+49 30 627277727,,,yes,,10:00-18:00,yes,yes,False,52.44596575,13.437778396959247
27182821,botanisches museum berlin-dahlem,6-8,königin luise straße,0602,11006006,14195,https://www.bgbm.org/bgbm/museum/,,nature,freie universität berlin,yes,,closed for renovations until 2025,limited,,,52.45824585,13.304851576151602
28147152,museumsdorf düppel,11,clauert straße,0606,11006006,14163,https://www.stadtmuseum.de/museum/museumsdorf-dueppel,,,stiftung stadtmuseum berlin,,de:museumsdorf düppel,,,,,52.4254973,13.233305427195315
30419819,sa-gefängnis papestraße,54A,werner voß damm,0703,11007007,12101,https://www.gedenkort-papestrasse.de/,,,,commercial,de:sa-gefängnis papestraße,"su, tu-th 13:00-18:00; sa 13:00-18:00",,,False,52.4755781,13.370004573616061
31046802,ruine der künste,5,hittorf straße,0605,11006006,14195,http://home.snafu.de/ruine-kuenste.berlin/,,art,,yes,,,no,no,,52.451719350000005,13.285486868973216
31283095,haus am waldsee,30,argentinische allee,0604,11006006,14163,https://www.hausamwaldsee.de/,+49 30 8018935,art,,residential,de:haus am waldsee,tu-su 11:00-18:00,limited,yes,True,52.4420634,13.238416386947133
31583865,"bezirksmuseum marzahn-hellersdorf, haus 1",51,alt marzahn,1001,11010010,12685,https://www.kultur-marzahn-hellersdorf.de/bezirksmuseum-marzahn.11.0.html,,,,yes,,mo-fr 10:00-18:00; ph off,yes,,False,52.54314835,13.561017945984302
31622818,deutsches technikmuseum,9,trebbiner straße,0202,11002002,10963,https://technikmuseum.berlin,+49 30 902540,technology,stiftung deutsches technikmuseum berlin,,de:deutsches technikmuseum,tu-fr 09:00-17:30; sa-su 10:00-18:00; ph 10:00-18:00,yes,yes,True,52.497181100000006,13.375928859446855
32212224,kunsthaus dahlem,8,käuzchen steig,0605,11006006,14195,http://kunsthaus-dahlem.de/,,art,,yes,,,,,True,52.4663522,13.274259485888074
33743630,berlinische galerie,124-128,alte jakob straße,0202,11002002,10969,https://berlinischegalerie.de/,+49 30 78902600,art,"landesmuseum für moderne kunst, fotografie und architektur stiftung öffentlichen rechts",museum,en:berlinische galerie,"mo, we-su 10:00-18:00",yes,yes,True,52.5039063,13.398233090319028
33910270,schmetterlingshorst,2,zum schmetterlingshorst,0910,11009009,12559,https://www.schmetterlingshorst.de/,,,bezirkssportbund treptow-köpenick e.v.,civic,de:schmetterlingshorst,oct-mar: mo-fr 11:00-16:00; sa-su 11:00-17:00; apr-sep: mo-fr 10:00-17:00; sa-su 10:00-19:00,yes,,False,52.41259925,13.609430376675526
40432101,haus der wannseekonferenz,58,am großen wannsee,0607,11006006,14109,https://www.ghwk.de/,+49 30 8050010,history,erinnern für die zukunft - trägerverein des hauses der wannsee-konferenz e. v.,civic,de:wannseekonferenz,mo-su 10:00-18:00; may 01 off; easter -2 days off; jan 01 off; dec 24-26 off; dec 31 off,yes,,False,52.432921199999996,13.165601829203936
41368729,ausstellung,,gudrun straße,1103,11011011,10315,,,,,civic,,24/7,,,False,52.5146165,13.509483954126775
43159444,direktorenhaus berlin,2,am krögel,0101,11001001,10179,https://www.direktorenhaus.com/,,,,residential,de:direktorenhaus,tu-fr 11:00-17:00,,,,52.5151698,13.409646952441964
43767919,schloss biesdorf,55,alt biesdorf,1002,11010010,12683,https://schlossbiesdorf.de/,+49 30 516567790,,,public,de:schloss biesdorf,"we, th, sa-mo 10:00-18:00; fr 12:00-21:00",limited,,False,52.50984235,13.557631905892858
44699274,the feuerle collection,,hallesches ufer,0202,11002002,10963,https://www.thefeuerlecollection.org,,,,bunker,,,,,True,52.500474800000006,13.37853999007811
45524990,energie-museum,9,teltowkanal straße,0603,11006006,12247,https://www.energie-museum.de/,,technology,,industrial,de:energie-museum berlin,"""nach anmeldung per e-mail""",,,,52.44343725,13.329973555884614
45664094,gedenkstätte berliner mauer (dokumentationszentrum),111,bernauer straße,0106,11001001,13355,https://www.berliner-mauer-gedenkstaette.de/,,history,,civic,,tu-su 10:00-18:00,limited,,False,52.53530015,13.38955424227489
49900345,deutsches blinden-museum,14,rothenburg straße,0601,11006006,12165,http://www.blindenmuseum-berlin.de,+49 30 79709094,,,yes,,we 15:00-18:00,,,False,52.455801550000004,13.315082762509583
49967469,wilhelm-foerster-sternwarte,90,munster damm,0701,11007007,12169,https://www.planetarium.berlin/planetarium-am-insulaner-wilhelm-foerster-sternwarte,,,wilhelm-foerster-sternwarte e.v. berlin,yes,de:wilhelm-foerster-sternwarte,"""nur zu veranstaltungen""",,,True,52.45740535,13.35128619625
53333454,gedenkstätte berliner mauer (besucherzentrum),119,bernauer straße,0106,11001001,13355,,,,,civic,,mo off; tu-su 10:00-18:00,yes,yes,False,52.5337903,13.387445935261194
72509827,georg-kolbe-museum,25,sensburger allee,0405,11004004,14055,http://www.georg-kolbe-museum.de,+49 30 3042144,"art,history,nature",georg-kolbe-stiftung,yes,,"we-mo 11:00-18:00, tu closed",yes,yes,True,52.50993695,13.254902227154627
73427143,meierei,,chaussee,0607,11006006,14109,,,,,yes,,"closed ""temporary closed""",no,,True,52.4392406,13.13197421866466
75008484,museum im böhmischen dorf,,kirchgasse,0801,11008008,12043,http://museumimboehmischendorf.de/,+49 30 6874880,history,,apartments,,th 14:00-17:00; su[1] 12:00-14:00; su[3] 12:00-14:00,,,,52.475431650000004,13.44559925
78140038,museum reinickendorf,35,alt hermsdorf,1206,11012012,13467,https://www.museum-reinickendorf.de/,,local,,yes,,"mo-fr 09:00-17:00, su 09:00-17:00",yes,,,52.615457250000006,13.318682468581807
79611278,museum charlottenburg-wilmersdorf in der villa oppenheim,55,schloß straße,0401,11004004,14059,http://www.villa-oppenheim-berlin.de/,+49 30 902924101,,,yes,de:villa oppenheim (berlin),mo off; tu-fr 10:00-17:00; sa-su 11:00-17:00,yes,yes,,52.5161776,13.298075808956911
83811523,alliierten-museum,135,clay allee,0605,11006006,14195,http://www.alliiertenmuseum.de,+49 30 8181990,history,,,de:alliiertenmuseum,tu-su 10:00-18:00,,,,52.45568865,13.272320552336403
87646457,museum berggruen,17,spandauer damm,0401,11004004,14059,https://www.smb.museum/museen-und-einrichtungen/museum-berggruen/home.html,,,,civic,de:museum berggruen,"tu-fr 10:00-18:00, sa,su 11:00-18:00",yes,yes,True,52.51910245,13.295297507471465
93942770,bröhan-museum,1A,schloß straße,0401,11004004,14059,http://www.broehan-museum.de/,,art,,commercial,de:bröhan-museum,"tu-su,ph 10:00-18:00; dec 24,dec 31 off",limited,,True,52.5186465,13.295396988283379
102813193,science center spectrum,,historische lade straße,0202,11002002,10963,https://sdtb.de/spectrum/,,science,stiftung deutsches technikmuseum berlin,civic,,"tu-fr 09:00-17:30; sa,su 10:00-18:00",yes,yes,True,52.4981092,13.379399987721978
131487807,max-liebermann-haus,7,pariser platz,0101,11001001,10117,https://stiftungbrandenburgertor.de/stiftung-max-liebermann-haus,+49 30 22633030,,,government,de:haus liebermann,we-mo 11:00-18:00,yes,,False,52.51670145,13.377821961440677
132555271,museum in der kulturbrauerei,97,knaack straße,0301,11003003,10435,https://www.hdg.de/berlin/museum-in-der-kulturbrauerei,,,stiftung haus der geschichte der bundesrepublik deutschland,commercial,en:museum in the kulturbrauerei,tu-fr 09:00-18:00; sa-su 11:00-18:00,yes,,False,52.540292199999996,13.414078305125324
136077234,labyrinth kindermuseum,12,osloer straße,0106,11001001,13359,https://www.labyrinth-kindermuseum.de/,+49 30 800931150,,,industrial,,"th 09:00-13:30; fr 09:00-18:15; sa,su 11:00-18:00",limited,,True,52.556107600000004,13.38599169264374
138516180,kunsthalle berlin-weißensee,140,gustav adolf straße,0302,11003003,13086,,,,,government,,,limited,,,52.55614305,13.439285501491472
143367746,kulturforum,,matthäikirch platz,0104,11001001,10785,,,,,civic,,mo off; tu-fr 10:00-18:00; sa-su 11:00-18:00,yes,yes,True,52.508944650000004,13.365984174371999
144078902,effizienzhaus-plus mit elektromobilität,87a,fasanen straße,0401,11004004,10623,http://www.bmvbs.de/de/effizienzhausplus/haus/effizienzhaus-plus-haus_node.html,,,"bundesministerium für umwelt, naturschutz, bau und reaktorsicherheit",detached,,"th,sa 13:00-18:00",yes,,False,52.50907745,13.329336015749007
145586611,dokumentationszentrum ns-zwangsarbeit,5,britzer straße,0905,11009009,12439,https://www.ns-zwangsarbeit.de/,,history,stiftung topographie des terrors,,,"tu-su 10:00-18:00; th 10:00-20:00; dec 24,dec 31 off",yes,yes,False,52.45260935,13.518797918499157
166709624,ort der information,1,cora berliner straße,0101,11001001,10117,,,,,museum,,apr-sep mo-su 10:00-20:00; oct-mar mo-su 10:00-19:00; dec 24-26 off; dec 31 10:00-16:00,yes,yes,False,52.513746,13.379754764930558
175149971,ddr-museum,1,karl liebknecht straße,0101,11001001,10178,http://www.ddr-museum.de,+49 30 847123730,history,,,de:ddr-museum berlin,mo-su 09:00-21:00,limited,yes,True,52.519439950000006,13.402238073958722
182553889,informationsort schwerbelastungskörper,100,general pape straße,0703,11007007,12101,https://www.schwerbelastungskoerper.de/,+49 30 902776163,history,museen tempelhof-schöneberg,,,"apr-oct tu-th,sa,su 13:00-18:00",no,,False,52.48414325,13.371623150427805
182566447,asisi panorama berlin die mauer,205,friedrich straße,0101,11001001,10117,https://www.asisi.de/de/austellungsorte/berlin-thewall/service.html,,,,museum,de:asisi panorama berlin,mo-su 10:00-18:00,limited,yes,True,52.50788915,13.389435028348053
184592746,museum für architekturzeichnung,18a,christinen straße,0301,11003003,10119,http://www.tchoban-foundation.de/,,art,,yes,en:museum for architectural drawing,mo-fr 14:00-19:00; sa-su 13:00-17:00,yes,,,52.532070000000004,13.410010029527422
194422265,james-simon-galerie,,bode straße,0101,11001001,10117,https://www.museumsinsel-berlin.de/,,,,museum,de:james-simon-galerie,mo off; tu-su 10:00-18:00,yes,,True,52.51982975,13.39715105496402
195085927,alte bäckerei – museum für kindheit in pankow,130,wollank straße,0307,11003003,13187,https://www.alte-baeckerei-pankow.de/,,,,,,"tu 11:00-17:00 || ""und nach telefonischer anmeldung sowie zu veranstaltungen""",,,False,52.5683441,13.399926162665608
199532111,industriesalon schöneweide,10,reinbeck straße,0909,11009009,12459,http://www.industriesalon.de/,,,industriesalon schöneweide e.v.,industrial,de:industriesalon schöneweide,we-su 14:00-18:00,yes,yes,False,52.460333750000004,13.51798978433607
235493631,pergamon-panorama,,georgen straße,0101,11001001,10117,https://www.smb.museum/en/museums-institutions/pergamonmuseum-das-panorama/,,,staatlichen museen zu berlin,museum,,mo-su 10:00-18:00; th 10:00-20:00,,,True,52.52078595,13.393458086378029
252953373,gaslaternen-freilichtmuseum,,straße des 17. juni,0104,11001001,10787,,,,stiftung deutsches technikmuseum,,en:gaslaternen-freilichtmuseum berlin,24/7,yes,,False,52.51247805,13.337046505105324
283862582,museumsdorf düppel,11,clauert straße,0606,11006006,14163,https://www.dueppel.de/,,,,yes,de:museumsdorf düppel,,,,True,52.42482295,13.23617705
285972948,ephraim-palais,16,post straße,0101,11001001,10178,https://www.stadtmuseum.de/ephraim-palais/,+49 30 24002162,,stiftung stadtmuseum berlin,civic,de:ephraim-palais,tu-su 10:00-18:00; we 12:00-20:00,yes,yes,True,52.515870449999994,13.407194246925133
290220610,museum berlin-karlshorst,,zwieseler straße,1102,11011011,10318,https://www.museum-karlshorst.de/,+49 30 50150810,,,,,tu-su 10:00-18:00,yes,,False,52.4861367,13.539845297712073
302942554,jüdisches museum,9-14,linden straße,0202,11002002,10969,https://www.jmberlin.de/,,,,,de:jüdisches museum berlin,mo-su 10:00-18:00,yes,yes,True,52.5018716,13.39620885776391
307731758,blackbox kalter krieg,47,friedrich straße,0101,11001001,10117,https://blackbox-kalter-krieg.de/,,,berliner forum für geschichte und gegenwart,,,mo-su 10:00-18:00,yes,,True,52.507979750000004,13.390654041828713
313659704,pergamonmuseum,5,am kupfer graben,0101,11001001,10117,https://www.smb.museum/museen-einrichtungen/pergamonmuseum/,+49 30 20905577,,,civic,de:pergamonmuseum,off,yes,yes,True,52.5209336,13.395630167992577
313670733,alte nationalgalerie,1-3,bode straße,0101,11001001,10178,https://www.smb.museum/en/museums-institutions/alte-nationalgalerie/home/,+49 30 20905577,,,civic,de:alte nationalgalerie,tu-we 10:00-18:00; th 10:00-20:00; fr-su 10:00-18:00,yes,yes,True,52.520862,13.398266124901008
340842792,lern- und gedenkort annedore und julius leber,,torgauer straße,0701,11007007,10829,https://gedenkort-leber.de,,history,stadtteilverein schöneberg;arbeitskreis lern- und gedenkort,,,closed,yes,no,,52.4793406,13.360970666101698
367216314,gedenkstätte berlin-hohenschönhausen,,freienwalder straße,1110,11011011,13055,https://www.stiftung-hsh.de/,,,,,de:gedenkstätte berlin-hohenschönhausen,,limited,yes,False,52.54170385,13.50135982036748
397532274,ausstellung zur berliner märzrevolution,1,ernst zinna weg,0201,11002002,10249,https://www.friedhof-der-maerzgefallenen.de/,,history,paul singer verein,container,,mo-su 10:00-18:00; nov-mar we off,yes,,False,52.52418175,13.436609691486954
420053341,heimatmuseum (mitte museum am gesundbrunnen),47,pank straße,0106,11001001,13357,https://www.mittemuseum.de/,+49 30 45754158,,,,de:mitte museum,su-fr 10:00-18:00,limited,yes,False,52.5510219,13.38007548057107
441793447,ausstellung zwangsarbeiter des kirchlichen friedhofslagers berlin 1942 - 1945,,hermann straße,0801,11008008,12049,,,,,yes,,apr 15-oct 15: sa 15:00-18:00,,,False,52.47261605,13.429165980392913
446921845,khroma,99,revaler straße,0201,11002002,10245,,,,,yes,,,,,True,52.507310149999995,13.453672821005068
500735910,futurium,2,alexander ufer,0101,11001001,10117,https://www.futurium.de/,,,futurium ggmbh,civic,de:futurium,"th 10:00-20:00; we,fr-mo 10:00-18:00; tu off",yes,yes,False,52.523912249999995,13.374324869351241
591200184,trabi museum,14-15,zimmer straße,0101,11001001,10117,https://www.trabi-world.com/,,,,,,mo-su 10:00-18:00,yes,,True,52.50803875,13.386730373033021
671055925,technoversum,,historische lade straße,0202,11002002,10963,https://sdtb.de/technoversum/,,technology,stiftung deutsches technikmuseum berlin,,,,,,True,52.49646385,13.378049028628716
689620121,dokumentationszentrum ns-zwangsarbeit berlin-schöneweide: baracke 13,17,köllnische straße,0905,11009009,12439,https://www.ns-zwangsarbeit.de/ausstellungen/baracke-13/,,,,,,"""besichtigung nach vereinbarung.""",,,False,52.45233605,13.522941494148279
714430840,schöneberg museum,40,haupt straße,0701,11007007,10827,http://www.jugendmuseum.de/m_schoeneberg/dashaus_fr.html,,,,,,"sa-th 14:00-18:00, th 09:00-14:00",no,,False,52.4838964,13.351010260731705
720431268,mies van der rohe haus,60,obersee straße,1110,11011011,13053,https://www.miesvanderrohehaus.de/,,,,,,tu-su 11:00-17:00,,,False,52.54916165,13.490528696694309
738500475,heimatmuseum,,alt müggelheim,0914,11009009,12559,,,,,yes,,,,,,52.41193295,13.6623573
759414113,gedenkstätte plötzensee,,hüttigpfad,0406,11004004,13627,https://www.gedenkstaette-ploetzensee.de/,,,,,,"mar-oct 09:00-17:00; nov-feb 09:00-16:00; dec 24-26,dec 31 off; jan 01 off",,,False,52.54086745,13.322819238809192
1023020168,museum kesselhaus,79,herzberg straße,1103,11011011,10365,http://www.museumkesselhaus.de/,,history,,yes,,"tu,th 14:00-18:00",yes,,True,52.5279507,13.512033412808368
1065864180,haus der kulturen der welt,10,john foster dulles allee,0104,11001001,10557,https://www.hkw.de/,+49 30 39787175,,,civic,de:haus der kulturen der welt,we-mo 11:00-19:00,yes,yes,False,52.51878835,13.364835589735229
